mlc_id,link,lat,lon,titulo,precio,precio_m2,base_m2,gastos_comunes,dormitorios,banos,piso,superficie_total,superficie_util,superficie_terraza,orientacion,servicio,escritorio
MLC-3854712330,https://portalinmobiliario.com/MLC-3854712330-la-minga-amplio-depto-3d3b-gran-terraza-roberto-del-rio-_JM#polycard_client=search-map&price_drop=not_apply&be_origin=backend&overlay_label=not_apply&search_layout=map&position=1&type=item&tracking_id=bb57b9c9-54a7-4ae2-8c8a-507fbf0ef5a1&sid=search,-33.4326402,-70.5992123,La Minga - Amplio Depto 3d/3b Gran Terraza Roberto Del Río,367194678,3249510,útil,290000,3,3,4,123 m²,113 m²,8 m²,,,
MLC-1844233307,https://portalinmobiliario.com/MLC-1844233307-departamento-en-venta-de-3-dorm-en-providencia-_JM#polycard_client=search-map&price_drop=not_apply&be_origin=backend&overlay_label=not_apply&search_layout=map&position=2&type=item&tracking_id=bb57b9c9-54a7-4ae2-8c8a-507fbf0ef5a1&sid=search,-33.43195,-70.6009697,Departamento En Venta De 3 Dorm. En Providencia,347180730,3654534,útil,270000,3,2,2,104 m²,95 m²,9 m²,NP,,Sí
MLC-2068835341,https://portalinmobiliario.com/MLC-2068835341-roberto-del-rio-el-vergel-_JM#polycard_client=search-map&price_drop=not_apply&be_origin=backend&overlay_label=not_apply&search_layout=map&position=3&type=item&tracking_id=bb57b9c9-54a7-4ae2-8c8a-507fbf0ef5a1&sid=search,-33.4322773,-70.5994038,Roberto Del Rio - El Vergel,367194662,3249510,útil,200000,3,3,4,115 m²,113 m²,,,,
MLC-4267869536,https://portalinmobiliario.com/MLC-4267869536-luis-thayer-ojeda-el-vergel-vista-despejada-_JM#polycard_client=search-map&price_drop=not_apply&be_origin=backend&overlay_label=not_apply&search_layout=map&position=4&type=item&tracking_id=bb57b9c9-54a7-4ae2-8c8a-507fbf0ef5a1&sid=search,-33.4319779,-70.5971941,Luis Thayer Ojeda - El Vergel - Vista Despejada,324716094,2873594,útil,210000,3,2,12,118 m²,113 m²,,N,Sí,
MLC-2076422187,https://portalinmobiliario.com/MLC-2076422187-departamento-en-venta-para-remodelar-_JM#polycard_client=search-map&price_drop=not_apply&be_origin=backend&overlay_label=not_apply&search_layout=map&position=5&type=item&tracking_id=bb57b9c9-54a7-4ae2-8c8a-507fbf0ef5a1&sid=search,-33.4227088,-70.5996616,Departamento En Venta Para Remodelar,366377782,2713909,útil,255000,4,3,7,150 m²,135 m²,,,Sí,
MLC-4161011390,https://portalinmobiliario.com/MLC-4161011390-amplio-departamento-140m-totales-2dorm-mas-servicio-_JM#polycard_client=search-map&price_drop=not_apply&be_origin=backend&overlay_label=not_apply&search_layout=map&position=6&type=item&tracking_id=bb57b9c9-54a7-4ae2-8c8a-507fbf0ef5a1&sid=search,-33.4319283,-70.5984076,Amplio Departamento!! 140m Totales 2dorm Mas Servicio!,365000000,2920000,útil,250000,3,2,2,140 m²,125 m²,15 m²,NP,Sí,
MLC-4219663656,https://portalinmobiliario.com/MLC-4219663656-3d2b-sala-estar-luminoso-vista-las-lilas-_JM#polycard_client=search-map&price_drop=not_apply&be_origin=backend&overlay_label=not_apply&search_layout=map&position=7&type=item&tracking_id=bb57b9c9-54a7-4ae2-8c8a-507fbf0ef5a1&sid=search,-33.4285444,-70.601798,"3d2b + Sala Estar - Luminoso, Vista - Las Lilas",359434167,3238146,útil,230000,4,2,,116 m²,111 m²,,,,
MLC-4174086090,https://portalinmobiliario.com/MLC-4174086090-excelente-departamento-sector-stade-francais-_JM#polycard_client=search-map&price_drop=not_apply&be_origin=backend&overlay_label=not_apply&search_layout=map&position=8&type=item&tracking_id=bb57b9c9-54a7-4ae2-8c8a-507fbf0ef5a1&sid=search,-33.4234854,-70.5967096,Excelente Departamento Sector Stade Français,363518646,3635186,útil,200000,3,3,6,115 m²,100 m²,,,Sí,
MLC-4272020412,https://portalinmobiliario.com/MLC-4272020412-departamento-en-venta-de-3-dorm-en-providencia-_JM#polycard_client=search-map&price_drop=not_apply&be_origin=backend&overlay_label=not_apply&search_layout=map&position=9&type=item&tracking_id=bb57b9c9-54a7-4ae2-8c8a-507fbf0ef5a1&sid=search,-33.4306226,-70.5909022,Departamento En Venta De 3 Dorm. En Providencia,388025521,3345048,útil,300000,3,3,3,116 m²,116 m²,,,,
MLC-2082125795,https://portalinmobiliario.com/MLC-2082125795-departamento-en-venta-de-3-dorm-en-providencia-_JM#polycard_client=search-map&price_drop=not_apply&be_origin=backend&overlay_label=not_apply&search_layout=map&position=10&type=item&tracking_id=bb57b9c9-54a7-4ae2-8c8a-507fbf0ef5a1&sid=search,-33.4274023,-70.598286,Departamento En Venta De 3 Dorm. En Providencia,365560886,3655609,útil,260000,3,2,11,125 m²,100 m²,25 m²,O,,
MLC-4160887422,https://portalinmobiliario.com/MLC-4160887422-gran-penthouse-preciosa-vista-cercano-a-metro-los-leones-_JM#polycard_client=search-map&price_drop=not_apply&be_origin=backend&overlay_label=not_apply&search_layout=map&position=11&type=item&tracking_id=bb57b9c9-54a7-4ae2-8c8a-507fbf0ef5a1&sid=search,-33.4265213,-70.603508,"Gran Penthouse, Preciosa Vista, Cercano A Metro Los Leones",388025521,3031449,útil,310000,4,3,9,150 m²,128 m²,10 m²,,Sí,Sí
MLC-3883814970,https://portalinmobiliario.com/MLC-3883814970-departamento-en-venta-providencia-cercano-a-colegi-_JM#polycard_client=search-map&price_drop=not_apply&be_origin=backend&overlay_label=not_apply&search_layout=map&position=12&type=item&tracking_id=bb57b9c9-54a7-4ae2-8c8a-507fbf0ef5a1&sid=search,-33.4332199,-70.5990607,Departamento En Venta Providencia Cercano A Colegi...,355349688,3172765,útil,260000,3,3,5,132 m²,112 m²,20 m²,NOSP,Sí,
MLC-1942687789,https://portalinmobiliario.com/MLC-1942687789-depto-venta-de-140m2-3d-mas-servicio-pocuro-con-terrazas-_JM#polycard_client=search-map&price_drop=not_apply&be_origin=backend&overlay_label=not_apply&search_layout=map&position=13&type=item&tracking_id=bb57b9c9-54a7-4ae2-8c8a-507fbf0ef5a1&sid=search,-33.433967,-70.5995427,Depto. Venta De 140m2. 3d Más Servicio.  Pocuro Con Terrazas,380000000,2714286,útil,350000,3,2,2,140 m²,140 m²,20 m²,,Sí,
MLC-4087956210,https://portalinmobiliario.com/MLC-4087956210-departamento-en-venta-de-4-dorm-en-providencia-_JM#polycard_client=search-map&price_drop=not_apply&be_origin=backend&overlay_label=not_apply&search_layout=map&position=14&type=item&tracking_id=bb57b9c9-54a7-4ae2-8c8a-507fbf0ef5a1&sid=search,-33.4253313,-70.6023924,Departamento En Venta De 4 Dorm. En Providencia,347180730,2992937,útil,150000,4,3,2,131 m²,116 m²,15 m²,SO,Sí,
MLC-2016685673,https://portalinmobiliario.com/MLC-2016685673-venta-amplio-departamento-renovado-3-dorm-barrio-las-flores-_JM#polycard_client=search-map&price_drop=not_apply&be_origin=backend&overlay_label=not_apply&search_layout=map&position=15&type=item&tracking_id=bb57b9c9-54a7-4ae2-8c8a-507fbf0ef5a1&sid=search,-33.4306226,-70.5909022,Venta Amplio Departamento Renovado 3 Dorm. Barrio Las Flores,388025521,3626407,útil,300000,3,3,3,116 m²,107 m²,9 m²,,,
MLC-1994437297,https://portalinmobiliario.com/MLC-1994437297-departamento-en-venta-de-4-dorm-en-providencia-_JM#polycard_client=search-map&price_drop=not_apply&be_origin=backend&overlay_label=not_apply&search_layout=map&position=16&type=item&tracking_id=bb57b9c9-54a7-4ae2-8c8a-507fbf0ef5a1&sid=search,-33.4268235,-70.6020029,Departamento En Venta De 4 Dorm. En Providencia,387208626,2346719,útil,280000,4,3,,180 m²,165 m²,15 m²,NOSP,,Sí
MLC-1961392463,https://portalinmobiliario.com/MLC-1961392463-departamento-con-cocina-integrada-1-piso-_JM#polycard_client=search-map&price_drop=not_apply&be_origin=backend&overlay_label=not_apply&search_layout=map&position=17&type=item&tracking_id=bb57b9c9-54a7-4ae2-8c8a-507fbf0ef5a1&sid=search,-33.4300848,-70.5989623,Departamento Con Cocina Integrada 1 Piso,289998021,3052611,útil,250000,3,3,1,103 m²,95 m²,8 m²,O,Sí,
MLC-3729163616,https://portalinmobiliario.com/MLC-3729163616-departamento-en-venta-en-providencia-plaza-las-lil-_JM#polycard_client=search-map&price_drop=not_apply&be_origin=backend&overlay_label=not_apply&search_layout=map&position=18&type=item&tracking_id=bb57b9c9-54a7-4ae2-8c8a-507fbf0ef5a1&sid=search,-33.431103,-70.6011843,Departamento En Venta En Providencia Plaza Las Lil...,341054011,3590042,útil,236000,3,2,2,104 m²,95 m²,9 m²,NP,,
MLC-3927242548,https://portalinmobiliario.com/MLC-3927242548-marcel-duhaut-las-lilas-santiago-departamento-remodelado-_JM#polycard_client=search-map&price_drop=not_apply&be_origin=backend&overlay_label=not_apply&search_layout=map&position=19&type=item&tracking_id=bb57b9c9-54a7-4ae2-8c8a-507fbf0ef5a1&sid=search,-33.4292923,-70.5967429,"Marcel Duhaut, Las Lilas, Santiago. Departamento Remodelado",387617074,4080180,útil,180000,3,3,4,103 m²,95 m²,8 m²,SP,,
MLC-4077951102,https://portalinmobiliario.com/MLC-4077951102-departamento-en-venta-de-4-dorm-2b-en-providencia-_JM#polycard_client=search-map&price_drop=not_apply&be_origin=backend&overlay_label=not_apply&search_layout=map&position=20&type=item&tracking_id=bb57b9c9-54a7-4ae2-8c8a-507fbf0ef5a1&sid=search,-33.4297715,-70.5989764,Departamento En Venta De 4 Dorm. 2b. En Providencia,295307844,2734332,útil,280000,4,2,7,115 m²,108 m²,7 m²,,,
MLC-4261706594,https://portalinmobiliario.com/MLC-4261706594-dpto-3d-y-3b-cerca-de-c-trewhelas-177348-_JM#polycard_client=search-map&price_drop=not_apply&be_origin=backend&overlay_label=not_apply&search_layout=map&position=21&type=item&tracking_id=bb57b9c9-54a7-4ae2-8c8a-507fbf0ef5a1&sid=search,-33.4304084,-70.5971256,Dpto 3d Y 3b Cerca De C. Trewhela´s (177348),388025521,2639629,útil,290000,3,3,3,159 m²,147 m²,12 m²,,,
MLC-4274546514,https://portalinmobiliario.com/MLC-4274546514-venta-departamento-4hab-3ba-providencia-_JM#polycard_client=search-map&price_drop=not_apply&be_origin=backend&overlay_label=not_apply&search_layout=map&position=22&type=item&tracking_id=bb57b9c9-54a7-4ae2-8c8a-507fbf0ef5a1&sid=search,-33.431016,-70.591375,Venta Departamento 4hab 3ba Providencia,355349688,3740523,útil,280000,4,3,5,100 m²,95 m²,2 m²,S,Sí,
MLC-1660868717,https://portalinmobiliario.com/MLC-1660868717-departamento-3-dormitorios-pocuro-providencia-_JM#polycard_client=search-map&price_drop=not_apply&be_origin=backend&overlay_label=not_apply&search_layout=map&position=23&type=item&tracking_id=bb57b9c9-54a7-4ae2-8c8a-507fbf0ef5a1&sid=search,-33.4320542,-70.6000845,"Departamento 3 Dormitorios, Pocuro, Providencia",388025521,3233546,útil,250000,3,3,2,141 m²,120 m²,21 m²,NP,Sí,
MLC-1926971663,https://portalinmobiliario.com/MLC-1926971663-estupendo-departamento-completisimo-muy-bien-ubicado-_JM#polycard_client=search-map&price_drop=not_apply&be_origin=backend&overlay_label=not_apply&search_layout=map&position=24&type=item&tracking_id=bb57b9c9-54a7-4ae2-8c8a-507fbf0ef5a1&sid=search,-33.4318867,-70.6004698,Estupendo Departamento Completisimo Muy Bien Ubicado,388025521,3233546,útil,260000,3,3,2,130 m²,120 m²,10 m²,SP,Sí,
MLC-3280263430,https://portalinmobiliario.com/MLC-3280263430-luminoso-dpto-en-venta-de-3d-vista-despejada-metro-colon-_JM#polycard_client=search-map&price_drop=not_apply&be_origin=backend&overlay_label=not_apply&search_layout=map&position=25&type=item&tracking_id=bb57b9c9-54a7-4ae2-8c8a-507fbf0ef5a1&sid=search,-33.4219508,-70.5972488,Luminoso Dpto En Venta De 3d Vista Despejada Metro Colon,388025521,3316457,útil,280000,3,3,,122 m²,117 m²,5 m²,,Sí,Sí
MLC-1986427115,https://portalinmobiliario.com/MLC-1986427115-venta-dpto-3d-2b-43-servicios-providencia-_JM#polycard_client=search-map&price_drop=not_apply&be_origin=backend&overlay_label=not_apply&search_layout=map&position=26&type=item&tracking_id=bb57b9c9-54a7-4ae2-8c8a-507fbf0ef5a1&sid=search,-33.4250321,-70.5929267,"Venta, Dpto. 3d - 2b + Servicios, Providencia",388025521,2771611,útil,120000,4,3,2,140 m²,140 m²,,,Sí,
MLC-2006718423,https://portalinmobiliario.com/MLC-2006718423-se-vende-dpto-frente-a-plaza-la-alcaldesa-providencia-_JM#polycard_client=search-map&price_drop=not_apply&be_origin=backend&overlay_label=not_apply&search_layout=map&position=27&type=item&tracking_id=bb57b9c9-54a7-4ae2-8c8a-507fbf0ef5a1&sid=search,-33.4353159,-70.6003899,Se Vende Dpto Frente A Plaza La Alcaldesa Providencia,388025521,3316457,útil,232000,3,3,3,117 m²,117 m²,,,Sí,
MLC-1888980001,https://portalinmobiliario.com/MLC-1888980001-departamento-en-venta-de-3-dorm-en-providencia-_JM#polycard_client=search-map&price_drop=not_apply&be_origin=backend&overlay_label=not_apply&search_layout=map&position=28&type=item&tracking_id=bb57b9c9-54a7-4ae2-8c8a-507fbf0ef5a1&sid=search,-33.4355121,-70.6004833,Departamento En Venta De 3 Dorm. En Providencia,383941042,3839410,útil,170000,3,2,8,110 m²,100 m²,10 m²,SO,,
MLC-4087075828,https://portalinmobiliario.com/MLC-4087075828-excelente-ubicacion-sector-pocuro-holanda-4-d-3b-2e-_JM#polycard_client=search-map&price_drop=not_apply&be_origin=backend&overlay_label=not_apply&search_layout=map&position=29&type=item&tracking_id=bb57b9c9-54a7-4ae2-8c8a-507fbf0ef5a1&sid=search,-33.4339664,-70.5995344,"Excelente Ubicacion Sector Pocuro , Holanda .4 D, 3b ,2e",388025521,3592829,útil,280000,3,2,7,133 m²,108 m²,25 m²,,Sí,
MLC-3852422982,https://portalinmobiliario.com/MLC-3852422982-dpto-en-venta-de-3-dorm-servicio-en-providencia-_JM#polycard_client=search-map&price_drop=not_apply&be_origin=backend&overlay_label=not_apply&search_layout=map&position=30&type=item&tracking_id=bb57b9c9-54a7-4ae2-8c8a-507fbf0ef5a1&sid=search,-33.4285452,-70.5942871,Dpto En Venta De 3 Dorm. + Servicio En Providencia,335744188,3357442,útil,130000,3,2,3,120 m²,100 m²,20 m²,,Sí,
MLC-2068844489,https://portalinmobiliario.com/MLC-2068844489-depto-3d-servicio-terrazas-roberto-del-rio-pocuro-_JM#polycard_client=search-map&price_drop=not_apply&be_origin=backend&overlay_label=not_apply&search_layout=map&position=31&type=item&tracking_id=bb57b9c9-54a7-4ae2-8c8a-507fbf0ef5a1&sid=search,-33.43289,-70.59873,"Depto 3d + Servicio, Terrazas / Roberto Del Río / Pocuro",347180730,3099828,útil,250000,4,3,5,145 m²,112 m²,33 m²,SP,Sí,Sí
MLC-2039832635,https://portalinmobiliario.com/MLC-2039832635-luminoso-3d2b-estacionamiento-y-bodega-vista-despejada-_JM#polycard_client=search-map&price_drop=not_apply&be_origin=backend&overlay_label=not_apply&search_layout=map&position=32&type=item&tracking_id=bb57b9c9-54a7-4ae2-8c8a-507fbf0ef5a1&sid=search,-33.4310874,-70.6020485,Luminoso 3d/2b + Estacionamiento Y Bodega | Vista Despejada,347180730,3471807,útil,260000,3,2,6,110 m²,100 m²,10 m²,O,,
MLC-2087355437,https://portalinmobiliario.com/MLC-2087355437-departamento-en-venta-de-3-dorm-en-providencia-_JM#polycard_client=search-map&price_drop=not_apply&be_origin=backend&overlay_label=not_apply&search_layout=map&position=33&type=item&tracking_id=bb57b9c9-54a7-4ae2-8c8a-507fbf0ef5a1&sid=search,-33.4267465,-70.601477,Departamento En Venta De 3 Dorm. En Providencia,365560886,3178790,útil,285000,3,2,10,125 m²,115 m²,10 m²,SO,,
MLC-3965075512,https://portalinmobiliario.com/MLC-3965075512-luis-thayer-ojeda-barrio-las-lilas-_JM#polycard_client=search-map&price_drop=not_apply&be_origin=backend&overlay_label=not_apply&search_layout=map&position=34&type=item&tracking_id=bb57b9c9-54a7-4ae2-8c8a-507fbf0ef5a1&sid=search,-33.4275737,-70.5998133,Luis Thayer Ojeda / Barrio Las Lilas,326758334,3403733,útil,250000,3,2,3,126 m²,96 m²,30 m²,NP,,
MLC-4093483460,https://portalinmobiliario.com/MLC-4093483460-vista-oriente-los-leones-3d-amplios-_JM#polycard_client=search-map&price_drop=not_apply&be_origin=backend&overlay_label=not_apply&search_layout=map&position=35&type=item&tracking_id=bb57b9c9-54a7-4ae2-8c8a-507fbf0ef5a1&sid=search,-33.4308,-70.60199,Vista Oriente Los Leones 3d Amplios,347180730,3437433,útil,280000,3,2,6,110 m²,101 m²,9 m²,O,,
MLC-3793383280,https://portalinmobiliario.com/MLC-3793383280-comodo-4d3b-en-av-los-leones-cerca-de-eliodoro-yanez-_JM#polycard_client=search-map&price_drop=not_apply&be_origin=backend&overlay_label=not_apply&search_layout=map&position=36&type=item&tracking_id=bb57b9c9-54a7-4ae2-8c8a-507fbf0ef5a1&sid=search,-33.4303229,-70.6020444,Cómodo 4d/3b En Av. Los Leones Cerca De Eliodoro Yáñez,324716094,3247161,útil,310000,4,3,4,112 m²,100 m²,12 m²,NP,Sí,Sí
MLC-3733617898,https://portalinmobiliario.com/MLC-3733617898-departamento-en-venta-de-3-dorm-43-servicio-en-providen-_JM#polycard_client=search-map&price_drop=not_apply&be_origin=backend&overlay_label=not_apply&search_layout=map&position=37&type=item&tracking_id=bb57b9c9-54a7-4ae2-8c8a-507fbf0ef5a1&sid=search,-33.4275951,-70.5909394,Departamento En Venta De 3 Dorm + Servicio . En Providen,361476407,3543886,útil,250000,3,3,,112 m²,102 m²,10 m²,N,Sí,
MLC-3951916914,https://portalinmobiliario.com/MLC-3951916914-amplio-y-funcional-departamento-3d3beb-_JM#polycard_client=search-map&price_drop=not_apply&be_origin=backend&overlay_label=not_apply&search_layout=map&position=38&type=item&tracking_id=bb57b9c9-54a7-4ae2-8c8a-507fbf0ef5a1&sid=search,-33.4216454,-70.6005049,Amplio Y Funcional Departamento 3d/3b/e/b.,388025521,2771611,útil,290000,3,3,,152 m²,140 m²,,,,
MLC-3723293824,https://portalinmobiliario.com/MLC-3723293824-dpto-en-venta-3d-2b-sector-el-vergel-providencia-_JM#polycard_client=search-map&price_drop=not_apply&be_origin=backend&overlay_label=not_apply&search_layout=map&position=39&type=item&tracking_id=bb57b9c9-54a7-4ae2-8c8a-507fbf0ef5a1&sid=search,-33.4317883,-70.6014522,Dpto En Venta 3d 2b. Sector El Vergel Providencia,326758334,3267583,útil,180000,3,2,,107 m²,100 m²,7 m²,O,,
MLC-3882475354,https://portalinmobiliario.com/MLC-3882475354-t-ojeda-pocuro-gran-departamento-ubicacion-privilegiada-_JM#polycard_client=search-map&price_drop=not_apply&be_origin=backend&overlay_label=not_apply&search_layout=map&position=40&type=item&tracking_id=bb57b9c9-54a7-4ae2-8c8a-507fbf0ef5a1&sid=search,-33.4315911,-70.5982118,"T Ojeda / Pocuro / Gran Departamento, Ubicacion Privilegiada",324716094,2873594,útil,220000,3,2,,114 m²,113 m²,1 m²,N,Sí,
MLC-1990033037,https://portalinmobiliario.com/MLC-1990033037-barrio-pocuro-luis-t-ojeda-remodelar-_JM#polycard_client=search-map&price_drop=not_apply&be_origin=backend&overlay_label=not_apply&search_layout=map&position=41&type=item&tracking_id=bb57b9c9-54a7-4ae2-8c8a-507fbf0ef5a1&sid=search,-33.4315911,-70.5982118,Barrio Pocuro / Luis T Ojeda / Remodelar,324716094,2873594,útil,220000,3,2,,114 m²,113 m²,1 m²,N,Sí,
MLC-1972694987,https://portalinmobiliario.com/MLC-1972694987-gran-depto3d-2b-1e-1-b-luis-thayer-o-a-cuadras-de-metro-_JM#polycard_client=search-map&price_drop=not_apply&be_origin=backend&overlay_label=not_apply&search_layout=map&position=42&type=item&tracking_id=bb57b9c9-54a7-4ae2-8c8a-507fbf0ef5a1&sid=search,-33.4275737,-70.5998133,Gran Depto.3d 2b 1e. 1 B.  Luis Thayer O A Cuadras De Metro,379856563,3453241,útil,270000,3,2,5,120 m²,110 m²,10 m²,,,
MLC-2076882451,https://portalinmobiliario.com/MLC-2076882451-venta-departamento-s-3d-2b-servicio-providencia-_JM#polycard_client=search-map&price_drop=not_apply&be_origin=backend&overlay_label=not_apply&search_layout=map&position=43&type=item&tracking_id=bb57b9c9-54a7-4ae2-8c8a-507fbf0ef5a1&sid=search,-33.433281,-70.598824,Venta Departamento S 3d 2b + Servicio  - Providencia,355349688,3144688,útil,250000,4,3,,147 m²,113 m²,8 m²,S,,
MLC-2024978453,https://portalinmobiliario.com/MLC-2024978453-departamento-amplio-3d-en-providencia-_JM#polycard_client=search-map&price_drop=not_apply&be_origin=backend&overlay_label=not_apply&search_layout=map&position=44&type=item&tracking_id=bb57b9c9-54a7-4ae2-8c8a-507fbf0ef5a1&sid=search,-33.4312831,-70.5979896,Departamento Amplio 3d En Providencia,388025521,3527505,útil,280000,3,3,2,131 m²,110 m²,21 m²,SP,Sí,
MLC-3571687666,https://portalinmobiliario.com/MLC-3571687666-departamento-en-venta-en-carmen-sylva-_JM#polycard_client=search-map&price_drop=not_apply&be_origin=backend&overlay_label=not_apply&search_layout=map&position=45&type=item&tracking_id=bb57b9c9-54a7-4ae2-8c8a-507fbf0ef5a1&sid=search,-33.4242743,-70.601617,Departamento En Venta En Carmen Sylva,365560886,2574372,útil,330000,4,3,2,157 m²,142 m²,15 m²,,Sí,
MLC-2094697895,https://portalinmobiliario.com/MLC-2094697895-oportunidad-plaza-las-lilas-hernando-de-aguirre-_JM#polycard_client=search-map&price_drop=not_apply&be_origin=backend&overlay_label=not_apply&search_layout=map&position=46&type=item&tracking_id=bb57b9c9-54a7-4ae2-8c8a-507fbf0ef5a1&sid=search,-33.4266723,-70.598759,Oportunidad - Plaza Las Lilas - Hernando De Aguirre,347180730,3306483,útil,260000,3,3,,120 m²,105 m²,15 m²,,,
MLC-1927007759,https://portalinmobiliario.com/MLC-1927007759-departamento-en-venta-en-providencia-app-_JM#polycard_client=search-map&price_drop=not_apply&be_origin=backend&overlay_label=not_apply&search_layout=map&position=47&type=item&tracking_id=bb57b9c9-54a7-4ae2-8c8a-507fbf0ef5a1&sid=search,-33.4259876,-70.6034098,"Departamento En Venta En Providencia, App",385983282,3385818,útil,280000,3,2,6,114 m²,114 m²,10 m²,NOSP,,
MLC-3882878832,https://portalinmobiliario.com/MLC-3882878832-prov-dpto-3-dorm-2-bn-bx-sector-california-los-leones-_JM#polycard_client=search-map&price_drop=not_apply&be_origin=backend&overlay_label=not_apply&search_layout=map&position=48&type=item&tracking_id=bb57b9c9-54a7-4ae2-8c8a-507fbf0ef5a1&sid=search,-33.4354109,-70.6002558,Prov Dpto 3 Dorm 2 Bñ Bx Sector California & Los Leones,375772084,3447450,útil,170000,3,2,2,109 m²,109 m²,,S,,
MLC-4225152344,https://portalinmobiliario.com/MLC-4225152344-amplio-departamento-en-el-corazon-de-providencia-_JM#polycard_client=search-map&price_drop=not_apply&be_origin=backend&overlay_label=not_apply&search_layout=map&position=49&type=item&tracking_id=bb57b9c9-54a7-4ae2-8c8a-507fbf0ef5a1&sid=search,-33.431436,-70.5990277,Amplio Departamento En El Corazón De Providencia,320631615,3305481,útil,250000,3,3,,105 m²,97 m²,5 m²,NP,Sí,
MLC-3733913364,https://portalinmobiliario.com/MLC-3733913364-estupendo-departamento-para-remodelar-el-vergel-providencia-_JM#polycard_client=search-map&price_drop=not_apply&be_origin=backend&overlay_label=not_apply&search_layout=map&position=50&type=item&tracking_id=bb57b9c9-54a7-4ae2-8c8a-507fbf0ef5a1&sid=search,-33.4311802,-70.5976552,Estupendo Departamento Para Remodelar El Vergel Providencia,380000000,3454545,útil,280000,3,2,,130 m²,110 m²,20 m²,NP,Sí,
MLC-3719430866,https://portalinmobiliario.com/MLC-3719430866-gran-departamento-a-la-venta-metro-tobalaba-_JM#polycard_client=search-map&price_drop=not_apply&be_origin=backend&overlay_label=not_apply&search_layout=map&position=51&type=item&tracking_id=bb57b9c9-54a7-4ae2-8c8a-507fbf0ef5a1&sid=search,-33.4224148,-70.603246,Gran Departamento A La Venta Metro Tobalaba,347180730,2967357,útil,170000,4,3,1,127 m²,117 m²,10 m²,,Sí,
MLC-4238298004,https://portalinmobiliario.com/MLC-4238298004-oportunidad-3-dorm-plaza-las-lilas-entrega-inmediata-_JM#polycard_client=search-map&price_drop=not_apply&be_origin=backend&overlay_label=not_apply&search_layout=map&position=52&type=item&tracking_id=bb57b9c9-54a7-4ae2-8c8a-507fbf0ef5a1&sid=search,-33.4266723,-70.598759,Oportunidad- 3 Dorm - Plaza Las Lilas - Entrega Inmediata,355349688,3384283,útil,260000,3,3,,120 m²,105 m²,15 m²,,,
MLC-1857826929,https://portalinmobiliario.com/MLC-1857826929-amplio-y-bien-ubicado-departamento-en-providencia-4d-3b-_JM#polycard_client=search-map&price_drop=not_apply&be_origin=backend&overlay_label=not_apply&search_layout=map&position=53&type=item&tracking_id=bb57b9c9-54a7-4ae2-8c8a-507fbf0ef5a1&sid=search,-33.4352424,-70.6004656,Amplio Y Bien Ubicado Departamento En Providencia 4d 3b,388025521,3316457,útil,120000,3,2,3,117 m²,117 m²,9 m²,P,Sí,
MLC-2019972849,https://portalinmobiliario.com/MLC-2019972849-oportunidad-3-dormitorios-plaza-las-lilas-h-de-aguirre-_JM#polycard_client=search-map&price_drop=not_apply&be_origin=backend&overlay_label=not_apply&search_layout=map&position=54&type=item&tracking_id=bb57b9c9-54a7-4ae2-8c8a-507fbf0ef5a1&sid=search,-33.4266723,-70.598759,Oportunidad- 3 Dormitorios - Plaza Las Lilas - H. De Aguirre,355349688,3384283,útil,260000,3,3,,120 m²,105 m²,15 m²,,,
MLC-4134766466,https://portalinmobiliario.com/MLC-4134766466-oportunidad-3-dormitorios-plaza-las-lilas-_JM#polycard_client=search-map&price_drop=not_apply&be_origin=backend&overlay_label=not_apply&search_layout=map&position=55&type=item&tracking_id=bb57b9c9-54a7-4ae2-8c8a-507fbf0ef5a1&sid=search,-33.4266723,-70.598759,Oportunidad- 3 Dormitorios - Plaza Las Lilas,355349688,3384283,útil,260000,3,3,,120 m²,105 m²,15 m²,,,
MLC-4142642684,https://portalinmobiliario.com/MLC-4142642684-nuevo-valor-oportunidad-3-dormitorios-plaza-las-lilas-_JM#polycard_client=search-map&price_drop=not_apply&be_origin=backend&overlay_label=not_apply&search_layout=map&position=56&type=item&tracking_id=bb57b9c9-54a7-4ae2-8c8a-507fbf0ef5a1&sid=search,-33.4266723,-70.598759,Nuevo Valor - Oportunidad- 3 Dormitorios - Plaza Las Lilas,355349688,3384283,útil,260000,3,3,,120 m²,105 m²,15 m²,,,
MLC-2064055855,https://portalinmobiliario.com/MLC-2064055855-oportunidad-3-dorm-plaza-las-lilas-entrega-inmediata-_JM#polycard_client=search-map&price_drop=not_apply&be_origin=backend&overlay_label=not_apply&search_layout=map&position=57&type=item&tracking_id=bb57b9c9-54a7-4ae2-8c8a-507fbf0ef5a1&sid=search,-33.4266723,-70.598759,Oportunidad- 3 Dorm - Plaza Las Lilas - Entrega Inmediata,355349688,3384283,útil,260000,3,3,,120 m²,105 m²,15 m²,,,
MLC-2037610125,https://portalinmobiliario.com/MLC-2037610125-oportunidad-exclusivo-bien-mantenido-barrio-residencial-_JM#polycard_client=search-map&price_drop=not_apply&be_origin=backend&overlay_label=not_apply&search_layout=map&position=58&type=item&tracking_id=bb57b9c9-54a7-4ae2-8c8a-507fbf0ef5a1&sid=search,-33.4286091,-70.5924954,Oportunidad. Exclusivo. Bien Mantenido. Barrio Residencial,367603126,3534645,útil,300000,4,3,4,124 m²,104 m²,20 m²,NP,Sí,
MLC-4211822212,https://portalinmobiliario.com/MLC-4211822212-departamento-en-venta-de-3d-2b-2e-1b-en-providencia-_JM#polycard_client=search-map&price_drop=not_apply&be_origin=backend&overlay_label=not_apply&search_layout=map&position=59&type=item&tracking_id=bb57b9c9-54a7-4ae2-8c8a-507fbf0ef5a1&sid=search,-33.4356659,-70.6008893,"Departamento En Venta De 3d, 2b, 2e 1b En Providencia",388025521,3316457,útil,300000,3,2,3,117 m²,117 m²,,N,Sí,
MLC-2055381911,https://portalinmobiliario.com/MLC-2055381911-oportunidad-3-dormitorios-plaza-las-lilas-h-de-aguirre-_JM#polycard_client=search-map&price_drop=not_apply&be_origin=backend&overlay_label=not_apply&search_layout=map&position=60&type=item&tracking_id=bb57b9c9-54a7-4ae2-8c8a-507fbf0ef5a1&sid=search,-33.4266723,-70.598759,Oportunidad- 3 Dormitorios - Plaza Las Lilas - H. De Aguirre,355349688,3384283,útil,260000,3,3,,120 m²,105 m²,15 m²,,,
MLC-3582281788,https://portalinmobiliario.com/MLC-3582281788-departamento-en-venta-3d2b-y-pieza-servicio-en-providencia-_JM#polycard_client=search-map&price_drop=not_apply&be_origin=backend&overlay_label=not_apply&search_layout=map&position=61&type=item&tracking_id=bb57b9c9-54a7-4ae2-8c8a-507fbf0ef5a1&sid=search,-33.4251088,-70.6017652,Departamento En Venta 3d2b Y Pieza Servicio En Providencia,379856563,2967629,útil,200000,3,2,,140 m²,128 m²,12 m²,NP,Sí,
MLC-3941848408,https://portalinmobiliario.com/MLC-3941848408-3-dorm-mas-servicio-3-banos-2-estacionamientos-1-bod-vista-_JM#polycard_client=search-map&price_drop=not_apply&be_origin=backend&overlay_label=not_apply&search_layout=map&position=62&type=item&tracking_id=bb57b9c9-54a7-4ae2-8c8a-507fbf0ef5a1&sid=search,-33.4299478,-70.5921272,3 Dorm Mas Servicio 3 Baños 2 Estacionamientos 1 Bod. Vista,347180730,3156188,útil,290000,4,3,5,115 m²,110 m²,5 m²,SO,Sí,
MLC-4087786238,https://portalinmobiliario.com/MLC-4087786238-oportunidad-plaza-las-lilas-hernando-de-aguirre-_JM#polycard_client=search-map&price_drop=not_apply&be_origin=backend&overlay_label=not_apply&search_layout=map&position=63&type=item&tracking_id=bb57b9c9-54a7-4ae2-8c8a-507fbf0ef5a1&sid=search,-33.4266723,-70.598759,Oportunidad - Plaza Las Lilas - Hernando De Aguirre,355349688,3384283,útil,260000,3,3,,120 m²,105 m²,15 m²,,,
MLC-2107212623,https://portalinmobiliario.com/MLC-2107212623-excelente-departamento-en-barrio-las-lilas-providencia-_JM#polycard_client=search-map&price_drop=not_apply&be_origin=backend&overlay_label=not_apply&search_layout=map&position=64&type=item&tracking_id=bb57b9c9-54a7-4ae2-8c8a-507fbf0ef5a1&sid=search,-33.4257663,-70.5966818,Excelente Departamento En Barrio Las Lilas  Providencia,114203096,1189616,útil,250000,3,2,7,96 m²,96 m²,10 m²,N,Sí,
MLC-2111006847,https://portalinmobiliario.com/MLC-2111006847-luminoso-3d2b-estacionamiento-y-bodega-vista-despejada-_JM#polycard_client=search-map&price_drop=not_apply&be_origin=backend&overlay_label=not_apply&search_layout=map&position=19&type=item&tracking_id=7d05b8d5-3270-4657-9767-6d6dffbf1ae0&sid=search,-33.4310874,-70.6020485,Luminoso 3d/2b + Estacionamiento Y Bodega | Vista Despejada,347180697,3471807,útil,260000,3,2,6,110 m²,100 m²,10 m²,O,,
MLC-2111013735,https://portalinmobiliario.com/MLC-2111013735-departamento-en-venta-de-3-dorm-en-providencia-_JM#polycard_client=search-map&price_drop=not_apply&be_origin=backend&overlay_label=not_apply&search_layout=map&position=63&type=item&tracking_id=7d05b8d5-3270-4657-9767-6d6dffbf1ae0&sid=search,-33.4274023,-70.598286,Departamento En Venta De 3 Dorm. En Providencia,365560851,3655609,útil,260000,3,2,11,125 m²,100 m²,25 m²,O,,
MLC-4286571620,https://portalinmobiliario.com/MLC-4286571620-departamento-en-venta-de-3-dorm-en-providencia-_JM#polycard_client=search-map&price_drop=not_apply&be_origin=backend&overlay_label=not_apply&search_layout=map&position=27&type=item&tracking_id=0d44e7a3-bd62-49e0-8d43-cf0f16d590d6&sid=search,-33.4267465,-70.601477,Departamento En Venta De 3 Dorm. En Providencia,364170931,3166704,útil,285000,3,2,10,125 m²,115 m²,10 m²,SO,,
MLC-2087347065,https://portalinmobiliario.com/MLC-2087347065-comodo-depto-en-plaza-las-lilas-_JM#polycard_client=search-map&price_drop=not_apply&be_origin=backend&overlay_label=not_apply&search_layout=map&position=39&type=item&tracking_id=0d44e7a3-bd62-49e0-8d43-cf0f16d590d6&sid=search,-33.4257204,-70.5959201,Comodo Depto En Plaza Las Lilas,388584625,2643433,útil,250000,4,3,5,173 m²,147 m²,26 m²,,Sí,
